{
  "version": 1,
  "author": "Cyca",
  "editor": "wokwi",
  "parts": [
    { "type": "wokwi-breadboard", "id": "bb1", "top": 64.2, "left": -150.8, "attrs": {} },
    { "type": "board-esp32-devkit-c-v4", "id": "esp", "top": -67.2, "left": -273.56, "attrs": {} },
    {
      "type": "wokwi-led",
      "id": "led1",
      "top": -51.6,
      "left": -149.8,
      "attrs": { "color": "red" }
    },
    {
      "type": "wokwi-led",
      "id": "led2",
      "top": -70.8,
      "left": -111.4,
      "attrs": { "color": "green" }
    },
    {
      "type": "wokwi-led",
      "id": "led3",
      "top": -80.4,
      "left": -63.4,
      "attrs": { "color": "yellow" }
    },
    {
      "type": "wokwi-resistor",
      "id": "r1",
      "top": 282.35,
      "left": -96,
      "attrs": { "value": "1000" }
    },
    {
      "type": "wokwi-resistor",
      "id": "r2",
      "top": 282.35,
      "left": 28.8,
      "attrs": { "value": "1000" }
    },
    {
      "type": "wokwi-resistor",
      "id": "r3",
      "top": 282.35,
      "left": 192,
      "attrs": { "value": "1000" }
    },
    { "type": "wokwi-relay-module", "id": "relay1", "top": -47.8, "left": 278.4, "attrs": {} },
    {
      "type": "wokwi-buzzer",
      "id": "bz1",
      "top": 136.8,
      "left": 529.8,
      "attrs": { "volume": "0.1" }
    },
    {
      "type": "wokwi-dht22",
      "id": "dht1",
      "top": -86.1,
      "left": 474.6,
      "attrs": { "temperature": "8.1", "humidity": "25.5" }
    },
    {
      "type": "wokwi-led",
      "id": "led4",
      "top": -99.6,
      "left": 416.6,
      "attrs": { "color": "cyan", "flip": "" }
    },
    {
      "type": "wokwi-resistor",
      "id": "r4",
      "top": 282.35,
      "left": 412.8,
      "attrs": { "value": "1000" }
    }
  ],
  "connections": [
    [ "esp:TX", "$serialMonitor:RX", "", [] ],
    [ "esp:RX", "$serialMonitor:TX", "", [] ],
    [ "led1:A", "r1:2", "red", [ "v0" ] ],
    [ "led2:A", "r2:2", "green", [ "h192", "v316.8" ] ],
    [ "led3:A", "r3:2", "yellow", [ "v38.4", "h289.2" ] ],
    [ "esp:GND.1", "bb1:bn.1", "black", [ "h0" ] ],
    [ "led3:C", "bb1:bn.6", "black", [ "v0" ] ],
    [ "led2:C", "bb1:bn.5", "black", [ "v28.8", "h29.2", "v260.5" ] ],
    [ "led1:C", "bb1:bn.4", "black", [ "v19.2", "h48.4", "v250.9" ] ],
    [ "esp:5V", "bb1:bp.10", "blue", [ "v144", "h260.15" ] ],
    [ "relay1:GND", "bb1:bn.21", "black", [ "h0" ] ],
    [ "relay1:VCC", "bb1:bp.23", "blue", [ "h0" ] ],
    [ "bz1:2", "bb1:bn.25", "black", [ "v0" ] ],
    [ "dht1:GND", "bb1:bn.24", "black", [ "v0" ] ],
    [ "dht1:VCC", "bb1:bp.25", "blue", [ "v0" ] ],
    [ "dht1:SDA", "esp:18", "gray", [ "v0" ] ],
    [ "r2:1", "esp:5", "limegreen", [ "v0" ] ],
    [ "r3:1", "esp:16", "yellow", [ "v0" ] ],
    [ "r1:1", "esp:19", "red", [ "v0" ] ],
    [ "relay1:IN", "esp:17", "purple", [ "v67", "h-451.2" ] ],
    [ "bz1:1", "esp:4", "violet", [ "v0" ] ],
    [ "led4:A", "r4:2", "cyan", [ "h28.8", "v345.6" ] ],
    [ "r4:1", "relay1:NO", "cyan", [ "v0" ] ],
    [ "led4:C", "bb1:bn.48", "black", [ "v316.8", "h0.4" ] ],
    [ "relay1:COM", "bb1:bp.24", "blue", [ "h-37.2", "v238.6", "h-200.8" ] ]
  ],
  "dependencies": {}
}